<?xml version="1.0" encoding="UTF-8"?>
<project-private xmlns="http://www.netbeans.org/ns/project-private/1">
    <editor-bookmarks xmlns="http://www.netbeans.org/ns/editor-bookmarks/2" lastBookmarkId="0"/>
    <open-files xmlns="http://www.netbeans.org/ns/projectui-open-files/2">
        <group>
            <file>file:/C:/Users/Getch/Desktop/blood/bloodbank/src/bloodbank/StatusPage.java</file>
            <file>file:/C:/Users/Getch/Desktop/blood/bloodbank/src/bloodbank/DonerPage.java</file>
            <file>file:/C:/Users/Getch/Desktop/blood/bloodbank/src/bloodbank/home.java</file>
            <file>file:/C:/Users/Getch/Desktop/blood/bloodbank/src/bloodbank/SearchDoner.java</file>
            <file>file:/C:/Users/Getch/Desktop/blood/bloodbank/src/bloodbank/LogIn.java</file>
            <file>file:/C:/Users/Getch/Desktop/blood/bloodbank/src/bloodbank/SellBloodPage.java</file>
        </group>
    </open-files>
</project-private>
